aa	af1	af2	af3	af4	af5	alpha	beta	charge	core	disorder	hydropathy	kf1	kf10	kf2	kf3	kf4	kf5	kf6	kf7	kf8	kf9	mjenergy	polarity	rim	strength	surface	turn	volume
A	-0.591	-1.302	-0.733	1.57	-0.146	1.29	0.9	0.0	0.049	0.0	1.8	-1.56	-0.48	-1.67	-0.97	-0.27	-0.93	-0.78	-0.2	-0.08	0.21	-2.8455	0.0	0.047	0.0	0.065	0.78	67.0
C	-1.343	0.465	-0.862	-1.02	-0.255	1.11	0.74	0.0	0.02	-1.0	2.5	0.12	1.1	-0.89	0.45	-1.05	-0.71	2.41	1.52	-0.69	1.13	-3.782	0.0	0.015	1.0	0.015	0.8	86.0
D	1.05	0.302	-3.656	-0.259	-3.242	1.04	0.72	-1.0	0.051	1.0	-3.5	0.58	0.7	-0.22	-1.58	0.81	-0.92	0.15	-1.52	0.47	0.76	-2.116	1.0	0.071	0.0	0.074	1.41	91.0
E	1.357	-1.453	1.477	0.113	-0.837	1.44	0.75	-1.0	0.051	1.0	-3.5	-1.45	-0.12	0.19	-1.61	1.17	-1.31	0.4	0.04	0.38	-0.35	-2.141	1.0	0.094	0.0	0.089	1.0	109.0
F	-1.006	-0.59	1.891	-0.397	0.412	1.07	1.32	0.0	0.051	-1.0	2.8	-0.21	-0.44	0.98	-0.36	-1.43	0.22	-0.81	0.67	1.1	1.71	-5.017	0.0	0.021	1.0	0.029	0.58	135.0
G	-0.384	1.652	1.33	1.045	2.064	0.56	0.92	0.0	0.06	1.0	-0.4	1.46	0.46	-1.96	-0.23	-0.16	0.1	-0.11	1.32	2.36	-1.66	-2.499	0.0	0.071	0.0	0.07	1.64	48.0
H	0.336	-0.417	-1.673	-1.474	-0.078	1.22	1.08	0.5	0.034	-1.0	-3.2	-0.41	1.63	0.52	-0.28	0.28	1.61	1.01	-1.85	0.47	1.13	-2.927	1.0	0.022	0.0	0.025	0.69	118.0
I	-1.239	-0.547	2.131	0.393	0.816	0.97	1.45	0.0	0.047	-1.0	4.5	-0.73	-1.78	-0.16	1.79	-0.77	-0.54	0.03	-0.83	0.51	0.66	-4.641	0.0	0.032	1.0	0.035	0.51	124.0
K	1.831	-0.561	0.533	-0.277	1.648	1.23	0.77	1.0	0.05	1.0	-3.9	-0.34	0.6	0.82	-0.23	1.7	1.54	-1.62	1.15	-0.08	-0.48	-1.789	1.0	0.105	0.0	0.08	0.96	135.0
L	-1.019	-0.987	-1.505	1.266	-0.912	1.3	1.02	0.0	0.078	-1.0	3.8	-1.04	0.93	0.0	-0.24	-1.1	-0.55	-2.05	0.96	-0.76	0.45	-5.023	0.0	0.052	1.0	0.063	0.59	124.0
M	-0.663	-1.524	2.219	-1.005	1.212	1.47	0.97	0.0	0.027	1.0	1.9	-1.4	0.27	0.18	-0.42	-0.73	2.0	1.52	0.26	0.11	-1.27	-4.1915	0.0	0.017	1.0	0.016	0.39	124.0
N	0.945	0.828	1.299	-0.169	0.933	0.9	0.76	0.0	0.058	1.0	-3.5	1.14	-1.73	-0.07	-0.12	0.81	0.18	0.37	-0.09	1.23	1.1	-2.349	1.0	0.062	0.0	0.053	1.28	96.0
P	0.189	2.081	-1.628	0.421	-1.392	0.52	0.64	0.0	0.051	1.0	-1.6	2.06	-0.28	-0.33	-1.15	-0.75	0.88	-0.45	0.3	-2.3	0.74	-2.443	0.0	0.052	0.0	0.054	1.91	90.0
Q	0.931	-0.179	-3.005	-0.503	-1.853	1.27	0.8	0.0	0.051	1.0	-3.5	-0.47	-2.33	0.24	0.07	1.1	1.1	0.59	0.84	-0.71	-0.03	-2.2505	1.0	0.053	0.0	0.051	0.97	114.0
R	1.538	-0.055	1.502	0.44	2.897	0.96	0.99	1.0	0.066	1.0	-4.5	0.22	0.93	1.27	1.37	1.87	-1.7	0.46	0.92	-0.39	0.23	-2.402	1.0	0.068	0.0	0.059	0.88	148.0
S	-0.228	1.399	-4.76	0.67	-2.647	0.82	0.95	0.0	0.057	1.0	-0.8	0.81	-0.23	-1.08	0.16	0.42	-0.21	-0.43	-1.89	-1.15	-0.97	-2.308	1.0	0.072	0.0	0.071	1.33	73.0
T	-0.032	0.326	2.213	0.908	1.313	0.82	1.21	0.0	0.064	0.0	-0.7	0.26	0.19	-0.7	1.21	0.63	-0.1	0.21	0.24	-1.15	-0.56	-2.6145	1.0	0.064	0.0	0.065	1.03	93.0
V	-1.337	-0.279	-0.544	1.242	-1.262	0.91	1.49	0.0	0.049	-1.0	4.2	-0.74	0.65	-0.71	2.04	-0.4	0.5	-0.81	-1.07	0.06	-0.46	-4.093	0.0	0.048	1.0	0.048	0.47	105.0
W	-0.595	0.009	0.672	-2.128	-0.184	0.99	1.14	0.0	0.022	-1.0	-0.9	0.3	-0.6	2.1	-0.72	-1.57	-1.16	0.57	-0.48	-0.4	-2.3	-4.1375	0.0	0.007	1.0	0.012	0.75	163.0
Y	0.26	0.83	3.097	-0.838	1.512	0.72	1.25	0.0	0.07	-1.0	-1.3	1.38	0.53	1.48	0.8	-0.56	0.0	-0.68	-0.31	1.03	-0.05	-3.7505	1.0	0.032	1.0	0.033	1.05	141.0
